{
  "project_info": {
    "project_number": "827551923422",
    "firebase_url": "https://livegov-50f2c.firebaseio.com",
    "project_id": "livegov-50f2c",
    "storage_bucket": "livegov-50f2c.appspot.com"
  },
  "client": [
    {
      "client_info": {
        "mobilesdk_app_id": "1:827551923422:android:741453895a854c16f6964f",
        "android_client_info": {
          "package_name": "com.example.livegov"
        }
      },
      "oauth_client": [
        {
          "client_id": "827551923422-7v9ds5mhd1djlqc05818pi2v54ll120m.apps.googleusercontent.com",
          "client_type": 1,
          "android_info": {
            "package_name": "com.example.livegov",
            "certificate_hash": "fee252cf3d925c6c76a8e5f7d04ca6ce98f0d5d9"
          }
        },
        {
          "client_id": "827551923422-aru87i8k1co0lfo5i5lejd865o260cbl.apps.googleusercontent.com",
          "client_type": 1,
          "android_info": {
            "package_name": "com.example.livegov",
            "certificate_hash": "e3cbbe94db38d035a7c535c9d24e3adf78d1c067"
          }
        },
        {
          "client_id": "827551923422-p51ca0s2hendo9im56jqh0bigijq2eau.apps.googleusercontent.com",
          "client_type": 3
        }
      ],
      "api_key": [
        {
          "current_key": "AIzaSyCD2XAp3n32adG1ISFlm48EdJmhT4zZXek"
        }
      ],
      "services": {
        "appinvite_service": {
          "other_platform_oauth_client": [
            {
              "client_id": "827551923422-p51ca0s2hendo9im56jqh0bigijq2eau.apps.googleusercontent.com",
              "client_type": 3
            }
          ]
        }
      }
    }
  ],
  "configuration_version": "1"
}